age,education-num,hours-per-week,capital-gain,capital-loss,fnlwgt,workclass,education,marital-status,occupation,relationship,race,sex,native-country,type
0.5716294299654859,1.177309208115796,0.023696483969704477,-0.152800855741616,-0.19734023185886682,-0.24659628163874836, Local-gov, Bachelors, Divorced, Prof-specialty, Unmarried, White, Female, United-States, <=50K
0.03620489699156979,1.177309208115796,1.6393658455404467,2.2123516127619336,-0.19734023185886682,-0.9724226514993037, Private, Bachelors, Married-civ-spouse, Sales, Husband, White, Male, United-States, >50K
0.18918333498411724,-0.4654478264643842,-0.3802208564229811,-0.152800855741616,-0.19734023185886682,1.568335582617001, Private, HS-grad, Never-married, Other-service, Not-in-family, White, Female, United-States, <=50K
0.6481186489617596,-0.4654478264643842,0.023696483969704477,-0.152800855741616,-0.19734023185886682,1.8001533768498668, Federal-gov, HS-grad, Divorced, Adm-clerical, Not-in-family, White, Male, United-States, <=50K
-0.1932627599972514,0.766619949470751,1.6393658455404467,-0.152800855741616,-0.19734023185886682,-1.5541578295778453, Private, Assoc-acdm, Never-married, Exec-managerial, Not-in-family, White, Female, United-States, <=50K
-0.2697519789935251,-0.4654478264643842,-1.188055537208352,-0.152800855741616,-0.19734023185886682,-0.020860997045935963, Private, HS-grad, Divorced, Prof-specialty, Unmarried, White, Female, United-States, <=50K
-0.34624119798979885,1.177309208115796,-1.5919728776010378,-0.152800855741616,-0.19734023185886682,-0.11129753062097436, Private, Bachelors, Never-married, Craft-repair, Own-child, White, Male, United-States, <=50K
0.26567255398039097,-0.4654478264643842,-0.29943738834444394,-0.152800855741616,-0.19734023185886682,1.520733763271347, Private, HS-grad, Divorced, Adm-clerical, Unmarried, White, Female, United-States, <=50K
-1.3406010449413572,-0.054758567819339146,0.023696483969704477,-0.152800855741616,-0.19734023185886682,0.7258338205227702, Private, Some-college, Never-married, Machine-op-inspct, Own-child, White, Male, United-States, <=50K
-1.1111333879525362,-2.9295833783346548,0.023696483969704477,-0.152800855741616,-0.19734023185886682,2.114010874276624, Private, 5th-6th, Never-married, Other-service, Own-child, White, Male, El-Salvador, <=50K
-0.8816657309637149,-0.054758567819339146,-0.3802208564229811,-0.152800855741616,-0.19734023185886682,-1.2369475341543756, Private, Some-college, Never-married, Prof-specialty, Not-in-family, White, Female, United-States, <=50K
2.6368383428648765,-0.4654478264643842,-1.5919728776010378,-0.152800855741616,-0.19734023185886682,1.1297421314010503, Private, HS-grad, Married-civ-spouse, Prof-specialty, Husband, White, Male, United-States, <=50K
-1.1111333879525362,-0.4654478264643842,0.023696483969704477,-0.152800855741616,-0.19734023185886682,1.34111675908759, Local-gov, HS-grad, Never-married, Farming-fishing, Not-in-family, White, Male, Poland, <=50K
1.8719461529021393,-0.4654478264643842,0.023696483969704477,-0.152800855741616,-0.19734023185886682,-0.7447389857697587, Local-gov, HS-grad, Married-civ-spouse, Transport-moving, Husband, White, Male, United-States, <=50K
1.107053962939402,-0.054758567819339146,0.023696483969704477,-0.152800855741616,-0.19734023185886682,-1.3889410433386702, Private, Some-college, Married-civ-spouse, Adm-clerical, Husband, White, Male, United-States, <=50K
1.5659892769170443,-0.054758567819339146,0.18526342012677868,-0.152800855741616,-0.19734023185886682,-0.08288281485532636, Private, Some-college, Divorced, Other-service, Unmarried, White, Female, France, <=50K
-0.9581549499599887,1.177309208115796,0.023696483969704477,-0.152800855741616,-0.19734023185886682,-0.08215093564660449, Private, Bachelors, Never-married, Sales, Not-in-family, White, Female, United-States, <=50K
-1.0346441689562624,1.177309208115796,0.023696483969704477,-0.152800855741616,-0.19734023185886682,1.9655185169827016, Private, Bachelors, Never-married, Exec-managerial, Not-in-family, Black, Male, United-States, <=50K
-1.417090263937631,-0.054758567819339146,-2.561374494543483,-0.152800855741616,-0.19734023185886682,0.5958758096767505, Private, Some-college, Never-married, Protective-serv, Own-child, White, Male, United-States, <=50K
0.4186509919729384,-0.054758567819339146,0.023696483969704477,-0.152800855741616,-0.19734023185886682,-0.7638172964944142, Private, Some-college, Married-civ-spouse, Exec-managerial, Husband, White, Male, United-States, <=50K
0.7246078679580333,-0.4654478264643842,0.023696483969704477,-0.152800855741616,-0.19734023185886682,3.499191179378549, Local-gov, HS-grad, Separated, Adm-clerical, Unmarried, Black, Female, United-States, <=50K
0.11269411598784351,-0.4654478264643842,0.023696483969704477,-0.152800855741616,-0.19734023185886682,-0.9629576730838059, Private, HS-grad, Divorced, Other-service, Unmarried, White, Female, United-States, <=50K
0.8775863059505808,0.35593069082570594,0.18526342012677868,-0.152800855741616,3.6442385516823403,-0.4689589877156937, Private, Assoc-voc, Married-spouse-absent, Handlers-cleaners, Unmarried, White, Male, United-States, <=50K
1.1835431819356756,-2.9295833783346548,-0.7841381968156667,-0.152800855741616,-0.19734023185886682,0.6175849294489737, Private, 5th-6th, Widowed, Prof-specialty, Unmarried, Black, Female, United-States, <=50K
-0.42273041698607255,0.35593069082570594,0.42761382436239004,-0.152800855741616,-0.19734023185886682,-1.5061900706278304, Private, Assoc-voc, Never-married, Craft-repair, Not-in-family, White, Male, United-States, <=50K
-0.2697519789935251,-0.054758567819339146,0.8315311647550756,-0.152800855741616,-0.19734023185886682,1.4660010667704435, Private, Some-college, Married-civ-spouse, Prof-specialty, Husband, White, Male, United-States, >50K
-0.7286872929711675,-0.4654478264643842,0.42761382436239004,-0.152800855741616,-0.19734023185886682,-0.00014090323144498875, Private, HS-grad, Divorced, Craft-repair, Not-in-family, White, Male, United-States, <=50K
1.4895000579207707,0.35593069082570594,-0.13787045218736974,-0.152800855741616,-0.19734023185886682,0.32495192907515086, Private, Assoc-voc, Widowed, Prof-specialty, Unmarried, White, Female, United-States, <=50K
-0.9581549499599887,-0.054758567819339146,-1.5919728776010378,-0.152800855741616,-0.19734023185886682,0.7683124854073711, Private, Some-college, Never-married, Adm-clerical, Not-in-family, Amer-Indian-Eskimo, Female, United-States, <=50K
-1.3406010449413572,-0.054758567819339146,-1.2688390052868892,-0.152800855741616,-0.19734023185886682,0.24997387121946776, Private, Some-college, Never-married, Prof-specialty, Own-child, White, Male, United-States, <=50K
-1.2641118259450836,-0.054758567819339146,-0.3802208564229811,-0.152800855741616,-0.19734023185886682,0.1470261592791162, Private, Some-college, Never-married, Prof-specialty, Unmarried, White, Female, United-States, <=50K
-0.2697519789935251,1.177309208115796,0.8315311647550756,-0.152800855741616,-0.19734023185886682,-0.8035266886973647, Private, Bachelors, Married-civ-spouse, Prof-specialty, Husband, White, Male, United-States, >50K
0.03620489699156979,1.177309208115796,3.255035207111189,2.2123516127619336,-0.19734023185886682,-0.8922423171059489, Self-emp-inc, Bachelors, Married-civ-spouse, Exec-managerial, Husband, White, Male, United-States, >50K
0.9540755249468545,-0.4654478264643842,0.8315311647550756,1.0574821699409778,-0.19734023185886682,0.06796342421799885, Private, HS-grad, Married-civ-spouse, Exec-managerial, Husband, White, Male, United-States, >50K
-1.0346441689562624,-0.054758567819339146,0.8315311647550756,-0.152800855741616,-0.19734023185886682,0.5833646313114373, Local-gov, Some-college, Divorced, Handlers-cleaners, Not-in-family, Black, Male, United-States, <=50K
-0.040284322004703936,-0.054758567819339146,0.42761382436239004,-0.152800855741616,-0.19734023185886682,-0.032887552691960316, Local-gov, Some-college, Married-civ-spouse, Tech-support, Husband, White, Male, United-States, >50K
0.4951402109692122,-0.054758567819339146,1.4777989093833725,-0.152800855741616,-0.19734023185886682,-0.11329536305559354, Private, Some-college, Divorced, Machine-op-inspct, Unmarried, White, Male, United-States, >50K
-0.7286872929711675,-0.054758567819339146,0.023696483969704477,-0.152800855741616,-0.19734023185886682,-1.0241190383099692, Private, Some-college, Married-civ-spouse, Sales, Wife, White, Female, United-States, <=50K
0.3421617729766647,1.177309208115796,0.023696483969704477,-0.152800855741616,-0.19734023185886682,0.31462649807642595, Private, Bachelors, Married-civ-spouse, Exec-managerial, Husband, White, Male, United-States, >50K
2.789816780857424,-0.054758567819339146,-2.480591026464946,-0.152800855741616,-0.19734023185886682,-0.891876377501588, Private, Some-college, Divorced, Adm-clerical, Not-in-family, White, Female, United-States, <=50K
0.03620489699156979,-0.4654478264643842,0.8315311647550756,-0.152800855741616,-0.19734023185886682,0.0101548569885479, Self-emp-not-inc, HS-grad, Married-civ-spouse, Craft-repair, Husband, White, Male, United-States, <=50K
0.4951402109692122,1.587998466760841,0.023696483969704477,-0.152800855741616,-0.19734023185886682,0.13185450108750324, Self-emp-not-inc, Masters, Married-civ-spouse, Prof-specialty, Husband, White, Male, United-States, <=50K
0.4951402109692122,-1.2868263437544745,0.5083972924409271,-0.152800855741616,-0.19734023185886682,-0.791430901234299, Private, 11th, Divorced, Machine-op-inspct, Unmarried, Other, Female, Puerto-Rico, <=50K
-0.8816657309637149,-0.4654478264643842,0.023696483969704477,-0.152800855741616,-0.19734023185886682,-0.7981661680064558, Private, HS-grad, Never-married, Machine-op-inspct, Not-in-family, White, Male, United-States, <=50K
-0.11677354100097767,-0.4654478264643842,0.023696483969704477,-0.152800855741616,-0.19734023185886682,0.07755697600800182, Private, HS-grad, Married-civ-spouse, Other-service, Husband, Black, Male, United-States, <=50K
0.26567255398039097,0.766619949470751,0.8315311647550756,-0.152800855741616,-0.19734023185886682,-0.8665968740219513, Private, Assoc-acdm, Married-civ-spouse, Exec-managerial, Wife, White, Female, United-States, >50K
2.254392247883508,1.9986877254058864,0.6699642285980013,3.0037268430047015,-0.19734023185886682,0.41735662430607645, Private, Prof-school, Married-civ-spouse, Prof-specialty, Husband, White, Male, United-States, >50K
0.11269411598784351,-0.8761370851094293,0.8315311647550756,-0.152800855741616,-0.19734023185886682,0.18289813076606548, Local-gov, 12th, Married-civ-spouse, Tech-support, Husband, White, Male, United-States, <=50K
1.4895000579207707,-3.3402726369797,-0.7841381968156667,-0.152800855741616,-0.19734023185886682,0.015643951053961977, Private, 1st-4th, Widowed, Priv-house-serv, Not-in-family, Black, Female, United-States, <=50K
-0.6521980739748938,0.35593069082570594,0.023696483969704477,-0.152800855741616,-0.19734023185886682,-0.8606033767180937, Private, Assoc-voc, Separated, Craft-repair, Not-in-family, White, Male, United-States, <=50K
-0.4992196359823463,1.177309208115796,0.42761382436239004,-0.152800855741616,-0.19734023185886682,-1.4624454525173323, Self-emp-inc, Bachelors, Never-married, Farming-fishing, Not-in-family, White, Female, United-States, <=50K
-0.2697519789935251,-0.4654478264643842,0.023696483969704477,-0.152800855741616,-0.19734023185886682,0.0065943635407117425, Private, HS-grad, Never-married, Prof-specialty, Unmarried, Black, Female, United-States, <=50K
0.4951402109692122,-0.054758567819339146,0.023696483969704477,-0.152800855741616,-0.19734023185886682,0.20932490435667161, Private, Some-college, Married-civ-spouse, Transport-moving, Husband, White, Male, United-States, <=50K
-0.6521980739748938,2.4093769840509314,0.023696483969704477,-0.152800855741616,-0.19734023185886682,-0.5481502961513163, Private, Doctorate, Never-married, Prof-specialty, Own-child, White, Male, United-States, <=50K
-0.57570885497862,-0.054758567819339146,0.023696483969704477,-0.152800855741616,-0.19734023185886682,0.4801004310646114, Private, Some-college, Never-married, Handlers-cleaners, Unmarried, White, Female, United-States, <=50K
-0.8051765119674412,-0.4654478264643842,0.023696483969704477,-0.152800855741616,-0.19734023185886682,-0.25218427829993567, Private, HS-grad, Never-married, Transport-moving, Not-in-family, White, Male, United-States, <=50K
-0.8051765119674412,-0.054758567819339146,0.8315311647550756,-0.152800855741616,-0.19734023185886682,0.12374448823409864, Private, Some-college, Married-civ-spouse, Sales, Husband, White, Male, United-States, <=50K
-0.42273041698607255,-0.4654478264643842,0.42761382436239004,-0.152800855741616,-0.19734023185886682,-1.0402698321997372, Private, HS-grad, Never-married, Handlers-cleaners, Not-in-family, White, Female, United-States, <=50K
1.5659892769170443,-1.6975156023995195,-2.561374494543483,-0.152800855741616,-0.19734023185886682,-1.361871402875538, Private, 10th, Married-civ-spouse, Other-service, Wife, White, Female, United-States, <=50K
-0.1932627599972514,-0.054758567819339146,0.023696483969704477,-0.152800855741616,-0.19734023185886682,0.43484260323878293, Local-gov, Some-college, Married-civ-spouse, Protective-serv, Husband, White, Male, United-States, <=50K
-1.2641118259450836,-0.4654478264643842,-0.29943738834444394,-0.152800855741616,-0.19734023185886682,0.6937992697518222, Private, HS-grad, Never-married, Handlers-cleaners, Own-child, White, Male, United-States, <=50K
-0.7286872929711675,-0.054758567819339146,0.023696483969704477,-0.152800855741616,-0.19734023185886682,-0.044795425223056795, Private, Some-college, Never-married, Craft-repair, Unmarried, White, Male, United-States, <=50K
0.6481186489617596,-0.054758567819339146,0.8315311647550756,-0.152800855741616,-0.19734023185886682,0.5574521512188519, Self-emp-not-inc, Some-college, Divorced, Exec-managerial, Not-in-family, White, Male, United-States, <=50K
-0.11677354100097767,-0.4654478264643842,0.023696483969704477,-0.152800855741616,-0.19734023185886682,-1.6052608008138713, Self-emp-not-inc, HS-grad, Separated, Other-service, Unmarried, White, Female, United-States, <=50K
2.6368383428648765,-1.2868263437544745,0.023696483969704477,-0.152800855741616,-0.19734023185886682,0.1580735792269856, Private, 11th, Widowed, Adm-clerical, Unmarried, White, Female, United-States, <=50K
-0.1932627599972514,-0.4654478264643842,0.023696483969704477,-0.152800855741616,-0.19734023185886682,0.3952914551890696, Private, HS-grad, Married-civ-spouse, Machine-op-inspct, Wife, Black, Female, United-States, <=50K
-0.34624119798979885,0.35593069082570594,0.023696483969704477,-0.152800855741616,-0.19734023185886682,1.2877093573700478, Federal-gov, Assoc-voc, Divorced, Craft-repair, Unmarried, Black, Female, United-States, >50K
2.4073706858760553,-1.2868263437544745,0.023696483969704477,-0.152800855741616,-0.19734023185886682,-0.5255906140554433, Private, 11th, Never-married, Machine-op-inspct, Not-in-family, White, Female, United-States, <=50K
-0.1932627599972514,-0.4654478264643842,0.023696483969704477,-0.152800855741616,-0.19734023185886682,-1.3330511864672199, Private, HS-grad, Married-civ-spouse, Machine-op-inspct, Husband, White, Male, United-States, <=50K
-0.4992196359823463,-0.4654478264643842,-1.5919728776010378,-0.152800855741616,-0.19734023185886682,1.322414278226873, Private, HS-grad, Separated, Adm-clerical, Unmarried, White, Female, United-States, <=50K
-0.2697519789935251,-0.4654478264643842,-0.6225712606585924,-0.152800855741616,-0.19734023185886682,-0.4061855101784268, Private, HS-grad, Married-civ-spouse, Tech-support, Wife, White, Female, United-States, <=50K
-0.57570885497862,-1.2868263437544745,0.023696483969704477,-0.152800855741616,-0.19734023185886682,-0.3650222498176099, Private, 11th, Married-civ-spouse, Other-service, Husband, White, Male, Mexico, <=50K
-0.7286872929711675,1.177309208115796,1.235448505147761,-0.152800855741616,-0.19734023185886682,-0.7448082175868, Private, Bachelors, Never-married, Transport-moving, Not-in-family, White, Male, United-States, <=50K
1.2600324009319495,1.177309208115796,-0.3802208564229811,-0.152800855741616,-0.19734023185886682,0.2334076864274523, Private, Bachelors, Married-civ-spouse, Sales, Husband, White, Male, United-States, >50K
0.7246078679580333,-0.054758567819339146,0.8315311647550756,-0.152800855741616,-0.19734023185886682,0.7387208287520216, Private, Some-college, Married-civ-spouse, Prof-specialty, Husband, White, Male, United-States, >50K
-1.0346441689562624,-0.4654478264643842,0.023696483969704477,-0.152800855741616,-0.19734023185886682,-1.0538689391185558, Private, HS-grad, Never-married, Handlers-cleaners, Unmarried, Black, Female, United-States, <=50K
1.107053962939402,1.177309208115796,1.6393658455404467,-0.152800855741616,-0.19734023185886682,1.433224746531196, Self-emp-not-inc, Bachelors, Married-civ-spouse, Prof-specialty, Husband, White, Male, United-States, >50K
-1.3406010449413572,-0.4654478264643842,0.6699642285980013,-0.152800855741616,-0.19734023185886682,-1.6024519670939117, Private, HS-grad, Never-married, Handlers-cleaners, Own-child, Amer-Indian-Eskimo, Male, United-States, <=50K
0.4186509919729384,1.587998466760841,0.42761382436239004,0.6363704251827913,-0.19734023185886682,-0.00914103944680861, Self-emp-inc, Masters, Married-civ-spouse, Exec-managerial, Husband, White, Male, United-States, <=50K
0.5716294299654859,-2.5188941196896097,0.023696483969704477,-0.152800855741616,-0.19734023185886682,2.41623742644045, Private, 7th-8th, Separated, Other-service, Unmarried, White, Female, Mexico, <=50K
-0.6521980739748938,-0.4654478264643842,-0.3802208564229811,-0.152800855741616,-0.19734023185886682,-0.7783361975539238, Self-emp-not-inc, HS-grad, Separated, Craft-repair, Not-in-family, White, Male, United-States, <=50K
0.7246078679580333,1.587998466760841,0.18526342012677868,-0.152800855741616,-0.19734023185886682,-1.007523182739222, Private, Masters, Divorced, Exec-managerial, Unmarried, White, Male, United-States, <=50K
-1.0346441689562624,-0.4654478264643842,0.023696483969704477,-0.152800855741616,-0.19734023185886682,1.6318013783246805, Private, HS-grad, Never-married, Craft-repair, Own-child, White, Male, United-States, <=50K
1.0305647439431282,-0.4654478264643842,0.023696483969704477,-0.152800855741616,-0.19734023185886682,-0.9286088015717643, Private, HS-grad, Married-civ-spouse, Prof-specialty, Husband, White, Male, United-States, <=50K
-1.5700687019301784,-1.2868263437544745,-2.2382406222293345,-0.152800855741616,-0.19734023185886682,0.52772203092942, Private, 11th, Never-married, Sales, Own-child, White, Male, United-States, <=50K
-0.040284322004703936,0.35593069082570594,0.023696483969704477,-0.152800855741616,5.306138938475167,-1.6506570922737824, Private, Assoc-voc, Married-civ-spouse, Craft-repair, Husband, White, Male, United-States, >50K
-0.8051765119674412,2.4093769840509314,2.4472005263258176,-0.152800855741616,-0.19734023185886682,-0.3086180994481387, Private, Doctorate, Never-married, Prof-specialty, Not-in-family, White, Female, United-States, <=50K
-0.6521980739748938,1.177309208115796,0.023696483969704477,-0.152800855741616,-0.19734023185886682,1.5903710809552758, Private, Bachelors, Married-civ-spouse, Exec-managerial, Wife, White, Male, United-States, >50K
-1.4935794829339049,-0.8761370851094293,-1.188055537208352,-0.152800855741616,-0.19734023185886682,-0.23566754480580682, Private, 12th, Never-married, Prof-specialty, Own-child, White, Male, United-States, <=50K
-0.11677354100097767,0.766619949470751,-0.3802208564229811,-0.152800855741616,-0.19734023185886682,-1.5885957134260826, Self-emp-not-inc, Assoc-acdm, Divorced, Sales, Unmarried, White, Female, United-States, <=50K
-0.6521980739748938,-0.054758567819339146,0.023696483969704477,-0.152800855741616,-0.19734023185886682,-1.1647585294994975, State-gov, Some-college, Never-married, Adm-clerical, Unmarried, Asian-Pac-Islander, Female, Philippines, <=50K
2.4838599048723293,-2.1082048610445647,-1.9958902179937232,0.02209826516542898,-0.19734023185886682,-0.21760793081761562, Private, 9th, Widowed, Prof-specialty, Unmarried, White, Female, United-States, <=50K
-0.2697519789935251,-0.4654478264643842,0.42761382436239004,-0.152800855741616,-0.19734023185886682,-0.8171159053566059, Private, HS-grad, Married-civ-spouse, Craft-repair, Husband, White, Male, United-States, <=50K
0.4951402109692122,-2.5188941196896097,-0.3802208564229811,-0.152800855741616,-0.19734023185886682,0.2959932490327501, Private, 7th-8th, Married-civ-spouse, Craft-repair, Husband, White, Male, United-States, <=50K
0.4186509919729384,-0.4654478264643842,0.023696483969704477,-0.152800855741616,-0.19734023185886682,-0.14673433068652145, Private, HS-grad, Married-civ-spouse, Machine-op-inspct, Husband, White, Male, United-States, >50K
0.4951402109692122,-0.8761370851094293,0.023696483969704477,-0.152800855741616,-0.19734023185886682,1.4422248827465598, Self-emp-not-inc, 12th, Married-civ-spouse, Handlers-cleaners, Husband, Black, Male, United-States, >50K
-0.1932627599972514,1.587998466760841,1.6393658455404467,-0.152800855741616,-0.19734023185886682,0.7114336025781884, Private, Masters, Never-married, Sales, Not-in-family, White, Male, United-States, <=50K
-0.8051765119674412,-0.054758567819339146,0.023696483969704477,-0.152800855741616,-0.19734023185886682,-0.7661019464567757, Private, Some-college, Never-married, Prof-specialty, Not-in-family, White, Male, United-States, <=50K
0.4186509919729384,1.587998466760841,-0.13787045218736974,-0.152800855741616,-0.19734023185886682,0.04944885828925083, Local-gov, Masters, Never-married, Prof-specialty, Not-in-family, White, Male, United-States, <=50K
-1.3406010449413572,-0.054758567819339146,-1.188055537208352,-0.152800855741616,-0.19734023185886682,-1.070276879757334, Private, Some-college, Never-married, Sales, Not-in-family, White, Female, United-States, <=50K
0.3421617729766647,0.766619949470751,0.023696483969704477,1.2032576748554007,-0.19734023185886682,1.5017741356616194, Private, Assoc-acdm, Divorced, Prof-specialty, Unmarried, White, Female, United-States, >50K
-0.8051765119674412,-0.054758567819339146,0.023696483969704477,0.38417565318181374,-0.19734023185886682,0.5934329155611517, State-gov, Some-college, Married-civ-spouse, Transport-moving, Husband, White, Male, United-States, <=50K
0.3421617729766647,-0.4654478264643842,0.023696483969704477,-0.152800855741616,-0.19734023185886682,0.5702600373714848, Private, HS-grad, Married-civ-spouse, Craft-repair, Husband, Black, Male, United-States, >50K
-1.3406010449413572,-1.2868263437544745,0.023696483969704477,-0.152800855741616,4.7076320990104135,-0.7379542676997154, Private, 11th, Married-spouse-absent, Prof-specialty, Own-child, Asian-Pac-Islander, Female, South, <=50K
-1.0346441689562624,-2.1082048610445647,0.023696483969704477,-0.152800855741616,4.593498236600856,-0.17025336796139473, Private, 9th, Never-married, Machine-op-inspct, Not-in-family, White, Male, United-States, <=50K
0.801097086954307,-0.054758567819339146,0.023696483969704477,-0.152800855741616,-0.19734023185886682,-0.7803735910268523, Federal-gov, Some-college, Divorced, Exec-managerial, Not-in-family, White, Male, United-States, <=50K
-1.5700687019301784,-1.2868263437544745,-1.5919728776010378,-0.152800855741616,-0.19734023185886682,-1.0808396769859148, Private, 11th, Never-married, Prof-specialty, Own-child, White, Female, United-States, <=50K
-1.5700687019301784,-1.2868263437544745,-2.3998075583864087,-0.152800855741616,-0.19734023185886682,1.7737167129996834, Self-emp-not-inc, 11th, Never-married, Farming-fishing, Own-child, White, Male, United-States, <=50K
-0.34624119798979885,1.177309208115796,0.023696483969704477,-0.152800855741616,-0.19734023185886682,-0.06729576576146584, Private, Bachelors, Married-civ-spouse, Exec-managerial, Husband, White, Male, United-States, >50K
0.9540755249468545,-0.4654478264643842,0.8315311647550756,-0.152800855741616,-0.19734023185886682,0.2972987632969567, Self-emp-inc, HS-grad, Married-civ-spouse, Sales, Husband, White, Male, United-States, >50K
-1.1876226069488098,-0.4654478264643842,0.023696483969704477,0.2560317428142758,-0.19734023185886682,0.5089206474729296, Private, HS-grad, Never-married, Sales, Own-child, White, Female, United-States, <=50K
-1.5700687019301784,-0.8761370851094293,-1.9151067499151861,-0.152800855741616,-0.19734023185886682,-0.8568351878191338, Private, 12th, Never-married, Other-service, Own-child, White, Male, United-States, <=50K
-0.42273041698607255,-0.054758567819339146,0.023696483969704477,-0.152800855741616,-0.19734023185886682,0.3650173706228849, Private, Some-college, Married-civ-spouse, Adm-clerical, Husband, White, Male, Mexico, <=50K
-0.4992196359823463,-0.4654478264643842,0.42761382436239004,-0.152800855741616,-0.19734023185886682,-0.6320196973670124, Private, HS-grad, Never-married, Craft-repair, Not-in-family, White, Male, United-States, <=50K
1.5659892769170443,-0.4654478264643842,0.8315311647550756,-0.152800855741616,-0.19734023185886682,0.14499865606576504, Self-emp-not-inc, HS-grad, Widowed, Exec-managerial, Not-in-family, White, Male, United-States, <=50K
-0.6521980739748938,-0.4654478264643842,0.6699642285980013,-0.152800855741616,-0.19734023185886682,-0.9603268640362381, Local-gov, HS-grad, Never-married, Protective-serv, Own-child, White, Male, United-States, <=50K
-0.040284322004703936,0.35593069082570594,0.023696483969704477,-0.152800855741616,-0.19734023185886682,-0.2790956746098306, Private, Assoc-voc, Married-civ-spouse, Craft-repair, Husband, White, Male, Portugal, >50K
-0.2697519789935251,-0.4654478264643842,0.023696483969704477,-0.152800855741616,-0.19734023185886682,0.009195501809547603, Self-emp-not-inc, HS-grad, Married-civ-spouse, Craft-repair, Husband, White, Male, United-States, >50K
-1.1111333879525362,-0.054758567819339146,0.023696483969704477,-0.152800855741616,-0.19734023185886682,2.3881787600195854, Local-gov, Some-college, Separated, Exec-managerial, Unmarried, Black, Male, United-States, <=50K
-1.4935794829339049,-1.2868263437544745,-2.803724898779094,-0.152800855741616,-0.19734023185886682,-1.2859142093217, State-gov, 11th, Never-married, Adm-clerical, Own-child, White, Female, United-States, <=50K
-0.2697519789935251,-0.4654478264643842,0.023696483969704477,-0.152800855741616,-0.19734023185886682,-0.52061581348805, Private, HS-grad, Divorced, Exec-managerial, Not-in-family, White, Female, United-States, <=50K
2.177903028887234,-2.5188941196896097,-2.8845083668576312,-0.152800855741616,-0.19734023185886682,-0.39499962659647486, Private, 7th-8th, Never-married, Prof-specialty, Not-in-family, White, Male, United-States, <=50K
0.5716294299654859,1.177309208115796,1.235448505147761,-0.152800855741616,-0.19734023185886682,-1.0158903423416368, Local-gov, Bachelors, Married-civ-spouse, Prof-specialty, Wife, White, Female, United-States, <=50K
0.26567255398039097,1.587998466760841,-0.3802208564229811,-0.152800855741616,-0.19734023185886682,0.05700501660632534, Private, Masters, Never-married, Exec-managerial, Not-in-family, White, Male, Dominican-Republic, <=50K
-0.8816657309637149,-0.4654478264643842,-0.7841381968156667,-0.152800855741616,-0.19734023185886682,-0.2176870528942342, Private, HS-grad, Never-married, Other-service, Other-relative, White, Male, United-States, <=50K
1.2600324009319495,-0.054758567819339146,0.023696483969704477,-0.152800855741616,-0.19734023185886682,-0.7552226609217207, Local-gov, Some-college, Married-civ-spouse, Farming-fishing, Husband, White, Male, United-States, <=50K
-1.0346441689562624,-0.054758567819339146,0.42761382436239004,-0.152800855741616,-0.19734023185886682,-0.48791861532542125, Private, Some-college, Never-married, Machine-op-inspct, Own-child, Black, Female, United-States, <=50K
0.3421617729766647,-0.054758567819339146,0.8315311647550756,-0.152800855741616,-0.19734023185886682,0.7226293764197177, Private, Some-college, Married-civ-spouse, Prof-specialty, Husband, White, Male, United-States, <=50K
-1.3406010449413572,-0.054758567819339146,-1.5919728776010378,-0.152800855741616,-0.19734023185886682,1.2594429954980597, Private, Some-college, Never-married, Prof-specialty, Own-child, White, Male, United-States, <=50K
-1.1111333879525362,1.177309208115796,-1.5919728776010378,-0.152800855741616,-0.19734023185886682,1.4448952528324368, State-gov, Bachelors, Never-married, Tech-support, Not-in-family, White, Female, United-States, <=50K
-0.9581549499599887,0.766619949470751,0.42761382436239004,-0.152800855741616,-0.19734023185886682,0.1297577660571108, Private, Assoc-acdm, Never-married, Prof-specialty, Other-relative, White, Male, United-States, <=50K
-0.1932627599972514,1.587998466760841,1.6393658455404467,-0.152800855741616,-0.19734023185886682,0.14111178405187724, Private, Masters, Never-married, Prof-specialty, Not-in-family, White, Male, United-States, >50K
-0.4992196359823463,1.587998466760841,0.023696483969704477,-0.152800855741616,5.097357482847928,-0.6987492787352084, Private, Masters, Married-civ-spouse, Tech-support, Husband, White, Male, United-States, >50K
-0.57570885497862,1.177309208115796,0.023696483969704477,-0.152800855741616,-0.19734023185886682,0.00256902789274142, Private, Bachelors, Never-married, Prof-specialty, Own-child, White, Female, Poland, <=50K
-1.417090263937631,-0.4654478264643842,-1.5919728776010378,-0.152800855741616,-0.19734023185886682,2.8253282333372467, Private, HS-grad, Never-married, Sales, Own-child, White, Female, United-States, <=50K
-0.11677354100097767,1.177309208115796,0.8315311647550756,-0.152800855741616,-0.19734023185886682,-0.7763284748597273, Local-gov, Bachelors, Never-married, Prof-specialty, Not-in-family, White, Male, United-States, <=50K
-0.4992196359823463,1.177309208115796,0.023696483969704477,-0.152800855741616,3.6442385516823403,0.5364946911745052, Private, Bachelors, Widowed, Sales, Unmarried, White, Female, Cuba, <=50K
-1.2641118259450836,-0.054758567819339146,-0.7841381968156667,-0.152800855741616,-0.19734023185886682,-0.2521051562233171, Private, Some-college, Never-married, Handlers-cleaners, Own-child, White, Male, United-States, <=50K
-0.4992196359823463,-0.054758567819339146,0.023696483969704477,-0.152800855741616,-0.19734023185886682,-1.0801671393346568, Self-emp-not-inc, Some-college, Married-civ-spouse, Craft-repair, Husband, White, Male, United-States, <=50K
0.6481186489617596,2.4093769840509314,2.043283185933132,3.819975215554682,-0.19734023185886682,1.050402469071768, Private, Doctorate, Divorced, Prof-specialty, Unmarried, White, Female, United-States, >50K
0.4951402109692122,1.177309208115796,0.8315311647550756,-0.152800855741616,-0.19734023185886682,-1.249320248885606, Private, Bachelors, Divorced, Exec-managerial, Own-child, White, Female, United-States, >50K
0.18918333498411724,-0.8761370851094293,0.023696483969704477,-0.152800855741616,-0.19734023185886682,0.39351120846515153, Private, 12th, Married-civ-spouse, Other-service, Husband, Black, Male, Jamaica, <=50K
0.5716294299654859,-0.054758567819339146,0.023696483969704477,-0.152800855741616,-0.19734023185886682,0.5260802478395844, Private, Some-college, Never-married, Sales, Not-in-family, Black, Male, United-States, <=50K
1.7189677149095919,-0.4654478264643842,-0.3802208564229811,-0.152800855741616,-0.19734023185886682,-0.11566902535415098, Private, HS-grad, Married-civ-spouse, Craft-repair, Husband, White, Male, United-States, <=50K
-1.4935794829339049,-1.2868263437544745,-1.188055537208352,-0.152800855741616,-0.19734023185886682,0.18537069566039613, Private, 11th, Never-married, Other-service, Other-relative, White, Male, United-States, <=50K
-0.7286872929711675,1.177309208115796,0.023696483969704477,-0.152800855741616,-0.19734023185886682,1.0591454585381213, Private, Bachelors, Married-civ-spouse, Prof-specialty, Husband, White, Male, United-States, <=50K
-0.11677354100097767,-0.054758567819339146,0.023696483969704477,-0.152800855741616,-0.19734023185886682,-1.1777147695457901, Private, Some-college, Divorced, Adm-clerical, Unmarried, Black, Female, United-States, <=50K
-0.11677354100097767,1.177309208115796,0.023696483969704477,-0.152800855741616,-0.19734023185886682,0.8150241813910659, Private, Bachelors, Separated, Prof-specialty, Not-in-family, White, Male, United-States, <=50K
0.18918333498411724,0.35593069082570594,0.023696483969704477,0.5376649807104986,-0.19734023185886682,-0.43878380574528225, Private, Assoc-voc, Married-civ-spouse, Tech-support, Husband, White, Male, United-States, <=50K
-0.11677354100097767,1.177309208115796,-0.3802208564229811,-0.152800855741616,-0.19734023185886682,1.9115374802096745, Local-gov, Bachelors, Divorced, Adm-clerical, Unmarried, White, Female, Honduras, <=50K
-0.4992196359823463,-0.4654478264643842,0.023696483969704477,-0.152800855741616,-0.19734023185886682,1.0516980930763973, Private, HS-grad, Separated, Other-service, Unmarried, Black, Female, United-States, <=50K
-0.34624119798979885,-0.4654478264643842,0.023696483969704477,-0.152800855741616,-0.19734023185886682,0.04728289144181717, Private, HS-grad, Married-civ-spouse, Machine-op-inspct, Husband, White, Male, United-States, <=50K
-1.417090263937631,-0.4654478264643842,0.023696483969704477,-0.152800855741616,-0.19734023185886682,1.869830255572105, State-gov, HS-grad, Never-married, Tech-support, Own-child, White, Female, United-States, <=50K
-1.1876226069488098,-0.054758567819339146,-1.9958902179937232,-0.152800855741616,-0.19734023185886682,0.2476397699592196, Private, Some-college, Never-married, Sales, Own-child, White, Female, United-States, <=50K
-0.2697519789935251,1.177309208115796,0.42761382436239004,-0.152800855741616,-0.19734023185886682,0.2779138545254043, Private, Bachelors, Married-civ-spouse, Exec-managerial, Husband, White, Male, United-States, >50K
-0.34624119798979885,-0.4654478264643842,0.023696483969704477,-0.152800855741616,-0.19734023185886682,-0.06729576576146584, Private, HS-grad, Never-married, Other-service, Not-in-family, White, Male, United-States, <=50K
0.26567255398039097,-0.4654478264643842,1.6393658455404467,-0.152800855741616,5.51213664136071,-0.6283207402850938, Private, HS-grad, Married-civ-spouse, Craft-repair, Husband, White, Male, United-States, <=50K
-0.6521980739748938,1.177309208115796,0.023696483969704477,0.5792251678567271,-0.19734023185886682,0.8106823574366213, Private, Bachelors, Never-married, Prof-specialty, Not-in-family, White, Male, United-States, <=50K
0.9540755249468545,-0.4654478264643842,0.18526342012677868,-0.152800855741616,-0.19734023185886682,-1.3737693851470572, Local-gov, HS-grad, Married-civ-spouse, Exec-managerial, Husband, White, Male, United-States, >50K
0.3421617729766647,1.177309208115796,0.42761382436239004,0.9960864389295039,-0.19734023185886682,-0.26921530529208526, Private, Bachelors, Married-civ-spouse, Exec-managerial, Husband, White, Male, United-States, >50K
0.4186509919729384,1.177309208115796,0.023696483969704477,-0.152800855741616,-0.19734023185886682,-0.11297887474911922, Private, Bachelors, Never-married, Prof-specialty, Not-in-family, White, Male, United-States, >50K
0.4951402109692122,-0.4654478264643842,0.023696483969704477,-0.152800855741616,-0.19734023185886682,-0.7700382697685502, Private, HS-grad, Married-civ-spouse, Sales, Wife, White, Female, United-States, <=50K
-1.3406010449413572,-0.054758567819339146,-1.5919728776010378,-0.152800855741616,-0.19734023185886682,1.0848304626604282, Private, Some-college, Never-married, Other-service, Not-in-family, White, Female, United-States, <=50K
-0.4992196359823463,-0.4654478264643842,0.023696483969704477,-0.152800855741616,-0.19734023185886682,0.3348026276141642, Private, HS-grad, Married-civ-spouse, Other-service, Husband, White, Male, Mexico, <=50K
2.1014138098909605,-1.2868263437544745,1.5585823774619096,1.3247897372678568,-0.19734023185886682,-0.7010833799954566, Self-emp-not-inc, 11th, Married-civ-spouse, Exec-managerial, Husband, White, Male, United-States, >50K
-1.1111333879525362,-0.054758567819339146,-1.2688390052868892,-0.152800855741616,-0.19734023185886682,1.6099241241396427, Private, Some-college, Never-married, Other-service, Not-in-family, White, Female, United-States, <=50K
1.3365216199282233,-0.054758567819339146,0.023696483969704477,-0.152800855741616,-0.19734023185886682,-0.1608872921416702, Private, Some-college, Divorced, Adm-clerical, Not-in-family, Asian-Pac-Islander, Female, United-States, <=50K
-0.8816657309637149,0.35593069082570594,0.42761382436239004,-0.152800855741616,6.419640035153778,-0.07620688964063356, Private, Assoc-voc, Married-civ-spouse, Adm-clerical, Husband, White, Male, United-States, <=50K
-0.9581549499599887,0.35593069082570594,-1.9958902179937232,-0.152800855741616,-0.19734023185886682,1.4176871487352223, Private, Assoc-voc, Never-married, Other-service, Own-child, White, Female, United-States, <=50K
0.5716294299654859,-0.054758567819339146,0.023696483969704477,-0.152800855741616,-0.19734023185886682,-1.3667967521450448, Private, Some-college, Married-civ-spouse, Prof-specialty, Wife, Black, Female, United-States, <=50K
-0.1932627599972514,-0.054758567819339146,0.023696483969704477,0.22612100206509622,-0.19734023185886682,0.4504098718134888, Private, Some-college, Married-civ-spouse, Craft-repair, Husband, White, Male, United-States, <=50K
-0.11677354100097767,-0.054758567819339146,-0.29943738834444394,-0.152800855741616,-0.19734023185886682,-0.5731034210649013, Private, Some-college, Never-married, Sales, Not-in-family, Black, Female, United-States, <=50K
0.4186509919729384,1.177309208115796,0.8315311647550756,-0.152800855741616,-0.19734023185886682,0.7081401461389399, State-gov, Bachelors, Married-civ-spouse, Prof-specialty, Husband, White, Male, United-States, <=50K
1.4130108389244969,-0.4654478264643842,-1.5919728776010378,-0.05929043466260186,-0.19734023185886682,-0.3294272055988256, Private, HS-grad, Widowed, Other-service, Unmarried, Black, Female, United-States, <=50K
0.3421617729766647,1.177309208115796,0.023696483969704477,-0.152800855741616,-0.19734023185886682,0.8956001261675136, Private, Bachelors, Married-civ-spouse, Tech-support, Husband, White, Male, United-States, >50K
-1.417090263937631,-0.054758567819339146,-1.188055537208352,-0.152800855741616,-0.19734023185886682,0.030588133275296515, Private, Some-college, Never-married, Other-service, Other-relative, White, Female, United-States, <=50K
1.3365216199282233,-0.4654478264643842,2.608767462482892,-0.152800855741616,-0.19734023185886682,0.1145168760484566, Self-emp-not-inc, HS-grad, Married-civ-spouse, Transport-moving, Husband, White, Male, United-States, <=50K
0.3421617729766647,1.587998466760841,0.8315311647550756,2.0643721585291503,-0.19734023185886682,-0.37535757107591206, Private, Masters, Never-married, Exec-managerial, Not-in-family, White, Female, United-States, >50K
-0.8816657309637149,0.35593069082570594,0.023696483969704477,-0.152800855741616,-0.19734023185886682,-0.7567358706370512, Private, Assoc-voc, Never-married, Tech-support, Own-child, White, Male, United-States, <=50K
-1.5700687019301784,-0.8761370851094293,-1.5919728776010378,-0.152800855741616,-0.19734023185886682,1.2616880844221119, Private, 12th, Never-married, Handlers-cleaners, Own-child, White, Male, United-States, <=50K
0.3421617729766647,1.177309208115796,0.023696483969704477,-0.152800855741616,-0.19734023185886682,-0.6234942936113602, Local-gov, Bachelors, Married-civ-spouse, Prof-specialty, Wife, White, Female, United-States, >50K
1.3365216199282233,-0.4654478264643842,0.023696483969704477,1.0574821699409778,-0.19734023185886682,0.07973283311501281, Private, HS-grad, Married-civ-spouse, Transport-moving, Husband, White, Male, United-States, >50K
-0.42273041698607255,-0.054758567819339146,0.023696483969704477,-0.152800855741616,-0.19734023185886682,0.7751565450348783, Private, Some-college, Never-married, Adm-clerical, Own-child, Black, Female, United-States, <=50K
-0.6521980739748938,-1.2868263437544745,0.023696483969704477,-0.152800855741616,-0.19734023185886682,0.7682135828115978, Private, 11th, Never-married, Craft-repair, Own-child, Black, Male, Haiti, <=50K
0.6481186489617596,1.177309208115796,-0.21865392026590685,-0.152800855741616,-0.19734023185886682,0.036462947464226174, State-gov, Bachelors, Married-civ-spouse, Prof-specialty, Husband, White, Male, United-States, <=50K
-0.6521980739748938,1.177309208115796,0.023696483969704477,1.0574821699409778,-0.19734023185886682,1.6489906494700672, State-gov, Bachelors, Married-civ-spouse, Exec-managerial, Husband, White, Male, United-States, >50K
-1.1876226069488098,1.177309208115796,-1.5919728776010378,-0.152800855741616,-0.19734023185886682,0.33779937626609297, Private, Bachelors, Never-married, Prof-specialty, Unmarried, White, Male, United-States, <=50K
1.5659892769170443,-1.6975156023995195,0.023696483969704477,-0.152800855741616,-0.19734023185886682,-1.0073253775476754, Self-emp-not-inc, 10th, Married-civ-spouse, Craft-repair, Husband, White, Male, United-States, <=50K
-1.1111333879525362,-0.4654478264643842,0.8315311647550756,-0.152800855741616,-0.19734023185886682,-0.4376365356343128, Private, HS-grad, Never-married, Transport-moving, Unmarried, White, Male, United-States, <=50K
0.11269411598784351,-0.4654478264643842,0.023696483969704477,-0.152800855741616,-0.19734023185886682,-1.3971697393070026, Private, HS-grad, Never-married, Handlers-cleaners, Not-in-family, White, Male, United-States, <=50K
-1.1876226069488098,-0.054758567819339146,0.023696483969704477,-0.152800855741616,-0.19734023185886682,0.3024515885367418, Private, Some-college, Never-married, Prof-specialty, Own-child, Black, Male, United-States, <=50K
0.4186509919729384,-0.054758567819339146,0.42761382436239004,-0.152800855741616,-0.19734023185886682,-0.9420199935586139, Private, Some-college, Divorced, Exec-managerial, Not-in-family, White, Male, United-States, <=50K
-1.1876226069488098,-0.054758567819339146,0.023696483969704477,-0.152800855741616,-0.19734023185886682,-0.5128123986815424, Private, Some-college, Never-married, Adm-clerical, Own-child, White, Male, United-States, <=50K
-1.5700687019301784,-1.6975156023995195,-1.5919728776010378,-0.152800855741616,-0.19734023185886682,-1.5503302991214214, Private, 10th, Never-married, Farming-fishing, Own-child, White, Male, United-States, <=50K
0.7246078679580333,-0.4654478264643842,2.851117866718503,-0.152800855741616,-0.19734023185886682,-0.9509706784760908, Self-emp-not-inc, HS-grad, Married-civ-spouse, Other-service, Wife, White, Female, Italy, <=50K
0.26567255398039097,0.35593069082570594,1.6393658455404467,-0.152800855741616,-0.19734023185886682,0.6436556536947963, Private, Assoc-voc, Never-married, Prof-specialty, Not-in-family, White, Female, United-States, <=50K
1.4130108389244969,-0.054758567819339146,0.8315311647550756,-0.152800855741616,-0.19734023185886682,-0.02773472745217521, Private, Some-college, Married-civ-spouse, Craft-repair, Husband, White, Male, United-States, >50K
2.024924590894687,-0.4654478264643842,0.42761382436239004,-0.152800855741616,-0.19734023185886682,-0.19275370849980378, Private, HS-grad, Married-civ-spouse, Transport-moving, Husband, White, Male, United-States, <=50K
0.7246078679580333,-0.4654478264643842,0.8315311647550756,-0.152800855741616,-0.19734023185886682,0.018957188012365067, Private, HS-grad, Married-civ-spouse, Transport-moving, Husband, White, Male, United-States, >50K
0.801097086954307,0.35593069082570594,0.023696483969704477,-0.152800855741616,-0.19734023185886682,-0.21957609247350285, Private, Assoc-voc, Never-married, Adm-clerical, Unmarried, White, Male, United-States, <=50K
-0.4992196359823463,1.587998466760841,0.5083972924409271,-0.152800855741616,-0.19734023185886682,-0.17297318934515846, Private, Masters, Never-married, Prof-specialty, Not-in-family, White, Female, United-States, <=50K
-0.6521980739748938,0.35593069082570594,0.023696483969704477,-0.152800855741616,-0.19734023185886682,-0.3456571215652121, Private, Assoc-voc, Never-married, Tech-support, Own-child, White, Male, United-States, <=50K
-0.57570885497862,-0.4654478264643842,0.023696483969704477,-0.152800855741616,-0.19734023185886682,-0.594733418760506, Private, HS-grad, Widowed, Adm-clerical, Not-in-family, White, Female, United-States, <=50K
-0.42273041698607255,-0.4654478264643842,1.6393658455404467,-0.152800855741616,4.457094352257726,-0.781619763733595, Private, HS-grad, Married-civ-spouse, Exec-managerial, Husband, White, Male, United-States, <=50K
1.4895000579207707,-0.4654478264643842,0.18526342012677868,-0.152800855741616,1.6204503084689654,-1.5338926877039112, Private, HS-grad, Widowed, Transport-moving, Unmarried, White, Male, United-States, >50K
1.8719461529021393,-0.4654478264643842,0.023696483969704477,-0.152800855741616,-0.19734023185886682,-0.148405784555089, Private, HS-grad, Widowed, Other-service, Not-in-family, White, Female, United-States, <=50K
0.11269411598784351,-0.4654478264643842,-1.2688390052868892,-0.152800855741616,-0.19734023185886682,4.856411720655383, Private, HS-grad, Separated, Machine-op-inspct, Unmarried, White, Female, United-States, <=50K
0.4186509919729384,-0.054758567819339146,-1.188055537208352,-0.152800855741616,-0.19734023185886682,0.43289422210205036, Private, Some-college, Never-married, Adm-clerical, Not-in-family, White, Male, United-States, <=50K
-1.0346441689562624,1.177309208115796,0.023696483969704477,-0.152800855741616,-0.19734023185886682,-0.23624117986129153, Self-emp-inc, Bachelors, Never-married, Sales, Own-child, White, Male, United-States, <=50K
0.3421617729766647,-1.2868263437544745,-1.9958902179937232,-0.152800855741616,-0.19734023185886682,0.6766891206830539, Private, 11th, Married-civ-spouse, Prof-specialty, Husband, White, Male, United-States, <=50K
1.1835431819356756,-0.054758567819339146,0.023696483969704477,0.5376649807104986,-0.19734023185886682,0.04844994207194124, Private, Some-college, Married-civ-spouse, Adm-clerical, Wife, White, Female, United-States, >50K
-0.8816657309637149,-0.054758567819339146,0.023696483969704477,-0.152800855741616,-0.19734023185886682,0.8973704826318544, Private, Some-college, Never-married, Handlers-cleaners, Own-child, White, Male, United-States, <=50K
2.71332756186115,-0.4654478264643842,0.023696483969704477,-0.152800855741616,-0.19734023185886682,-0.11841851751664667, Self-emp-not-inc, HS-grad, Married-civ-spouse, Exec-managerial, Husband, White, Male, United-States, <=50K
2.6368383428648765,-1.2868263437544745,-1.2688390052868892,-0.152800855741616,-0.19734023185886682,-1.586706673846814, Private, 11th, Widowed, Prof-specialty, Not-in-family, White, Female, United-States, <=50K
1.3365216199282233,-0.4654478264643842,0.023696483969704477,-0.152800855741616,-0.19734023185886682,-0.8313380986287959, Private, HS-grad, Married-civ-spouse, Machine-op-inspct, Husband, White, Male, United-States, <=50K
-0.9581549499599887,-0.4654478264643842,0.023696483969704477,-0.152800855741616,-0.19734023185886682,3.0647219664063416, Private, HS-grad, Divorced, Adm-clerical, Not-in-family, White, Male, United-States, <=50K
0.26567255398039097,1.177309208115796,0.8315311647550756,-0.152800855741616,-0.19734023185886682,-0.086918040762874, Private, Bachelors, Divorced, Prof-specialty, Not-in-family, White, Female, United-States, >50K
-1.0346441689562624,1.177309208115796,0.8315311647550756,-0.152800855741616,-0.19734023185886682,1.3062535940775277, Private, Bachelors, Never-married, Exec-managerial, Not-in-family, White, Male, United-States, <=50K
1.948435371898413,-0.4654478264643842,-2.722941430700557,-0.152800855741616,-0.19734023185886682,-1.0211915214750817, Private, HS-grad, Widowed, Farming-fishing, Not-in-family, White, Male, United-States, <=50K
-1.5700687019301784,-1.2868263437544745,-1.5919728776010378,-0.152800855741616,-0.19734023185886682,0.08667579533829332, Private, 11th, Never-married, Sales, Own-child, White, Male, United-States, <=50K
-0.1932627599972514,-0.054758567819339146,0.8315311647550756,-0.152800855741616,-0.19734023185886682,-0.536034728169096, Private, Some-college, Married-civ-spouse, Craft-repair, Husband, White, Male, United-States, <=50K
1.0305647439431282,-0.054758567819339146,0.023696483969704477,-0.152800855741616,-0.19734023185886682,-0.42080331383370967, Private, Some-college, Married-civ-spouse, Prof-specialty, Husband, White, Male, United-States, >50K
1.8719461529021393,1.177309208115796,0.6699642285980013,-0.152800855741616,-0.19734023185886682,1.0069743392677442, Local-gov, Bachelors, Widowed, Prof-specialty, Not-in-family, White, Female, United-States, <=50K
1.3365216199282233,-0.4654478264643842,0.023696483969704477,0.5376649807104986,-0.19734023185886682,1.9603360209641847, Private, HS-grad, Married-civ-spouse, Craft-repair, Husband, White, Male, United-States, >50K
0.4186509919729384,-0.054758567819339146,0.023696483969704477,-0.152800855741616,-0.19734023185886682,-0.8551637339505662, Private, Some-college, Divorced, Prof-specialty, Not-in-family, White, Male, United-States, <=50K
0.18918333498411724,-0.4654478264643842,0.8315311647550756,-0.152800855741616,-0.19734023185886682,-1.543733495983347, Local-gov, HS-grad, Divorced, Other-service, Not-in-family, White, Female, United-States, <=50K
-0.040284322004703936,1.177309208115796,0.42761382436239004,-0.152800855741616,-0.19734023185886682,-1.0168101364823279, Private, Bachelors, Married-civ-spouse, Exec-managerial, Husband, White, Male, United-States, >50K
0.11269411598784351,1.177309208115796,0.023696483969704477,-0.152800855741616,-0.19734023185886682,-0.5060672416498083, Private, Bachelors, Married-civ-spouse, Craft-repair, Husband, White, Male, United-States, <=50K
-0.4992196359823463,-0.4654478264643842,-1.753539813758112,-0.152800855741616,-0.19734023185886682,-0.6962173722834137, Private, HS-grad, Never-married, Craft-repair, Own-child, White, Male, United-States, <=50K
1.7954569339058655,1.587998466760841,0.023696483969704477,-0.152800855741616,-0.19734023185886682,-0.885932331495617, Private, Masters, Widowed, Prof-specialty, Not-in-family, White, Female, United-States, >50K
-0.8816657309637149,0.35593069082570594,1.235448505147761,-0.152800855741616,-0.19734023185886682,-0.9730061768143657, Private, Assoc-voc, Divorced, Adm-clerical, Not-in-family, White, Female, United-States, <=50K
0.6481186489617596,-0.4654478264643842,0.8315311647550756,-0.152800855741616,-0.19734023185886682,-0.11822071232510023, Self-emp-not-inc, HS-grad, Married-civ-spouse, Sales, Husband, White, Male, United-States, <=50K
-0.8816657309637149,1.177309208115796,0.023696483969704477,-0.152800855741616,-0.19734023185886682,-0.9187383225135963, Private, Bachelors, Never-married, Prof-specialty, Not-in-family, White, Female, United-States, <=50K
0.801097086954307,2.4093769840509314,0.8315311647550756,-0.152800855741616,-0.19734023185886682,1.3700556586108363, State-gov, Doctorate, Divorced, Prof-specialty, Own-child, White, Male, United-States, >50K
-0.2697519789935251,-0.4654478264643842,0.023696483969704477,-0.152800855741616,-0.19734023185886682,-0.7693954028960241, Private, HS-grad, Never-married, Transport-moving, Own-child, White, Male, United-States, <=50K
-0.2697519789935251,-0.4654478264643842,0.023696483969704477,-0.152800855741616,-0.19734023185886682,-0.22564871185397894, Local-gov, HS-grad, Never-married, Adm-clerical, Own-child, White, Female, United-States, <=50K
1.642478495913318,-0.4654478264643842,0.023696483969704477,-0.152800855741616,-0.19734023185886682,-0.4666051059362909, Private, HS-grad, Married-civ-spouse, Other-service, Husband, White, Male, United-States, >50K
-0.2697519789935251,1.177309208115796,0.023696483969704477,-0.152800855741616,-0.19734023185886682,-0.005560765479817807, Private, Bachelors, Never-married, Prof-specialty, Own-child, White, Female, United-States, <=50K
0.8775863059505808,1.177309208115796,1.3162319732262981,-0.152800855741616,-0.19734023185886682,-1.4914239130788876, Private, Bachelors, Never-married, Exec-managerial, Not-in-family, White, Female, United-States, >50K
-1.4935794829339049,-1.2868263437544745,-1.5919728776010378,-0.152800855741616,-0.19734023185886682,0.26628290926247283, Private, 11th, Never-married, Adm-clerical, Own-child, White, Female, United-States, <=50K
0.4186509919729384,-0.4654478264643842,0.023696483969704477,-0.152800855741616,-0.19734023185886682,0.021627558098242187, Private, HS-grad, Married-civ-spouse, Farming-fishing, Husband, White, Male, Mexico, <=50K
0.801097086954307,-1.2868263437544745,0.8315311647550756,-0.152800855741616,-0.19734023185886682,0.9492152233361798, Private, 11th, Married-civ-spouse, Exec-managerial, Husband, White, Male, United-States, <=50K
-0.7286872929711675,-0.054758567819339146,2.4472005263258176,-0.152800855741616,-0.19734023185886682,-0.4613632683603099, Self-emp-inc, Some-college, Married-civ-spouse, Exec-managerial, Husband, White, Male, United-States, <=50K
-0.34624119798979885,-0.4654478264643842,0.023696483969704477,-0.152800855741616,-0.19734023185886682,-1.0722549316727987, Private, HS-grad, Married-civ-spouse, Machine-op-inspct, Husband, White, Male, United-States, <=50K
-1.0346441689562624,-0.054758567819339146,-1.9958902179937232,-0.152800855741616,-0.19734023185886682,1.1838121805102733, Private, Some-college, Never-married, Sales, Not-in-family, White, Female, United-States, <=50K
-1.2641118259450836,-1.6975156023995195,0.023696483969704477,-0.152800855741616,-0.19734023185886682,-1.256273101368464, Private, 10th, Never-married, Handlers-cleaners, Not-in-family, White, Male, United-States, <=50K
-1.5700687019301784,-1.2868263437544745,-0.9457051329727408,-0.152800855741616,-0.19734023185886682,1.7737167129996834, Private, 11th, Never-married, Sales, Own-child, White, Male, United-States, <=50K
0.11269411598784351,-0.054758567819339146,0.8315311647550756,-0.152800855741616,-0.19734023185886682,-0.13029671926901118, Private, Some-college, Married-civ-spouse, Farming-fishing, Husband, White, Male, United-States, >50K
-0.6521980739748938,1.177309208115796,0.023696483969704477,-0.152800855741616,-0.19734023185886682,0.766443226347257, Self-emp-not-inc, Bachelors, Separated, Prof-specialty, Own-child, White, Male, United-States, <=50K
0.4951402109692122,1.177309208115796,0.023696483969704477,-0.152800855741616,-0.19734023185886682,-1.3972290808644665, Private, Bachelors, Married-civ-spouse, Exec-managerial, Husband, White, Male, United-States, >50K
-1.0346441689562624,-0.054758567819339146,0.8315311647550756,-0.152800855741616,-0.19734023185886682,-0.6730049330554375, Private, Some-college, Never-married, Transport-moving, Own-child, White, Male, United-States, <=50K
2.560349123868603,1.587998466760841,0.023696483969704477,1.5166907529165405,-0.19734023185886682,-0.454192830166751, Self-emp-not-inc, Masters, Married-civ-spouse, Sales, Husband, White, Male, United-States, >50K
1.0305647439431282,1.177309208115796,0.023696483969704477,-0.152800855741616,6.525422639338246,-0.2832199128535742, Self-emp-not-inc, Bachelors, Married-civ-spouse, Sales, Husband, Asian-Pac-Islander, Male, China, >50K
1.3365216199282233,-2.9295833783346548,-1.188055537208352,-0.152800855741616,-0.19734023185886682,0.9236785731075327, Private, 5th-6th, Divorced, Other-service, Unmarried, Black, Male, United-States, <=50K
0.26567255398039097,1.177309208115796,1.6393658455404467,-0.152800855741616,-0.19734023185886682,0.05217856993259188, Private, Bachelors, Married-civ-spouse, Exec-managerial, Husband, White, Male, United-States, >50K
-1.1111333879525362,-0.4654478264643842,-2.64215796262202,-0.152800855741616,-0.19734023185886682,-0.3591771064074122, Private, HS-grad, Never-married, Handlers-cleaners, Unmarried, Black, Female, United-States, <=50K
0.03620489699156979,0.35593069082570594,0.023696483969704477,-0.152800855741616,-0.19734023185886682,2.199957230003558, Private, Assoc-voc, Divorced, Adm-clerical, Unmarried, White, Female, United-States, <=50K
0.11269411598784351,-0.4654478264643842,0.023696483969704477,-0.152800855741616,-0.19734023185886682,-0.7089065753211188, Private, HS-grad, Married-civ-spouse, Transport-moving, Husband, White, Male, United-States, >50K
-1.417090263937631,-0.4654478264643842,-0.7841381968156667,-0.152800855741616,-0.19734023185886682,1.851256348085893, Private, HS-grad, Never-married, Adm-clerical, Not-in-family, White, Female, United-States, <=50K
0.8775863059505808,-2.1082048610445647,0.023696483969704477,-0.152800855741616,-0.19734023185886682,-1.156836431578062, Private, 9th, Divorced, Machine-op-inspct, Not-in-family, White, Female, United-States, <=50K
-0.42273041698607255,1.177309208115796,0.023696483969704477,-0.152800855741616,-0.19734023185886682,0.8008613296763399, Private, Bachelors, Married-civ-spouse, Adm-clerical, Other-relative, White, Male, Philippines, >50K
-0.8051765119674412,-0.4654478264643842,2.4472005263258176,-0.152800855741616,-0.19734023185886682,-0.921121875071731, Private, HS-grad, Married-civ-spouse, Craft-repair, Husband, White, Male, United-States, <=50K
0.03620489699156979,1.177309208115796,0.8315311647550756,-0.152800855741616,-0.19734023185886682,-0.9299242060955483, Private, Bachelors, Married-civ-spouse, Sales, Husband, White, Male, United-States, >50K
-0.34624119798979885,-0.054758567819339146,1.6393658455404467,-0.152800855741616,-0.19734023185886682,0.6837903270595715, Private, Some-college, Married-civ-spouse, Craft-repair, Wife, White, Female, United-States, <=50K
1.948435371898413,-0.054758567819339146,-1.9958902179937232,-0.152800855741616,-0.19734023185886682,-0.3922699149531338, Private, Some-college, Married-civ-spouse, Prof-specialty, Husband, White, Male, United-States, <=50K
-1.1111333879525362,1.177309208115796,-0.9457051329727408,-0.152800855741616,-0.19734023185886682,0.16323629472634804, Private, Bachelors, Never-married, Exec-managerial, Own-child, White, Male, United-States, <=50K
-0.34624119798979885,-0.054758567819339146,1.6393658455404467,-0.152800855741616,-0.19734023185886682,-0.3321074659442801, Self-emp-inc, Some-college, Married-civ-spouse, Craft-repair, Husband, White, Male, United-States, <=50K
1.2600324009319495,-0.4654478264643842,0.023696483969704477,-0.152800855741616,-0.19734023185886682,2.1472520367160057, Self-emp-not-inc, HS-grad, Married-civ-spouse, Sales, Husband, Black, Male, United-States, <=50K
-0.6521980739748938,0.35593069082570594,0.42761382436239004,0.18944098840952334,-0.19734023185886682,-0.12106910708336915, Private, Assoc-voc, Divorced, Tech-support, Not-in-family, White, Female, United-States, <=50K
0.801097086954307,-0.054758567819339146,-0.7841381968156667,-0.152800855741616,-0.19734023185886682,-0.44469818097252123, Private, Some-college, Divorced, Prof-specialty, Unmarried, Black, Female, United-States, <=50K
-0.1932627599972514,1.177309208115796,0.023696483969704477,-0.152800855741616,-0.19734023185886682,1.8115469558829425, Self-emp-not-inc, Bachelors, Never-married, Exec-managerial, Not-in-family, White, Male, United-States, <=50K
-0.7286872929711675,0.35593069082570594,0.023696483969704477,-0.152800855741616,-0.19734023185886682,-0.24913807835012028, Private, Assoc-voc, Married-civ-spouse, Adm-clerical, Wife, Asian-Pac-Islander, Female, India, <=50K
-0.040284322004703936,1.177309208115796,0.8315311647550756,1.0574821699409778,-0.19734023185886682,-0.05499228284727646, Private, Bachelors, Married-civ-spouse, Prof-specialty, Husband, White, Male, United-States, >50K
0.3421617729766647,1.9986877254058864,2.043283185933132,-0.152800855741616,-0.19734023185886682,-0.11920973828283249, Self-emp-not-inc, Prof-school, Married-civ-spouse, Farming-fishing, Husband, White, Male, United-States, >50K
0.18918333498411724,1.587998466760841,0.023696483969704477,-0.152800855741616,-0.19734023185886682,-0.19040971697997833, Private, Masters, Married-civ-spouse, Prof-specialty, Husband, White, Male, United-States, <=50K
0.7246078679580333,-0.054758567819339146,1.235448505147761,-0.152800855741616,-0.19734023185886682,1.5095973309872817, Private, Some-college, Divorced, Sales, Own-child, White, Male, United-States, <=50K
-1.1876226069488098,1.177309208115796,0.8315311647550756,-0.152800855741616,-0.19734023185886682,0.3674009231810197, Private, Bachelors, Never-married, Exec-managerial, Own-child, White, Female, United-States, <=50K
-0.57570885497862,1.177309208115796,0.42761382436239004,-0.152800855741616,-0.19734023185886682,-1.0082352814287892, Private, Bachelors, Married-civ-spouse, Exec-managerial, Husband, White, Male, United-States, >50K
-0.7286872929711675,-0.4654478264643842,0.023696483969704477,-0.152800855741616,-0.19734023185886682,-0.7931518064007532, Private, HS-grad, Married-civ-spouse, Tech-support, Husband, White, Male, United-States, <=50K
1.948435371898413,-2.5188941196896097,1.235448505147761,-0.152800855741616,-0.19734023185886682,-1.5874286627959586, Local-gov, 7th-8th, Married-civ-spouse, Other-service, Husband, White, Male, United-States, <=50K
1.0305647439431282,-2.1082048610445647,-1.5919728776010378,-0.152800855741616,-0.19734023185886682,-0.13315500428685745, Self-emp-not-inc, 9th, Married-civ-spouse, Craft-repair, Husband, White, Male, United-States, <=50K
-1.1876226069488098,-0.4654478264643842,0.023696483969704477,-0.152800855741616,-0.19734023185886682,-0.8867927840788441, Private, HS-grad, Never-married, Handlers-cleaners, Own-child, White, Female, United-States, <=50K
-0.8051765119674412,0.766619949470751,0.023696483969704477,-0.152800855741616,-0.19734023185886682,-0.9800282611142648, Private, Assoc-acdm, Married-civ-spouse, Prof-specialty, Own-child, Amer-Indian-Eskimo, Male, United-States, <=50K
-0.1932627599972514,-0.4654478264643842,0.42761382436239004,-0.152800855741616,-0.19734023185886682,-0.365793690064641, Private, HS-grad, Never-married, Sales, Not-in-family, White, Male, United-States, <=50K
0.6481186489617596,-0.4654478264643842,-0.13787045218736974,-0.152800855741616,-0.19734023185886682,-0.17614796266947905, Private, HS-grad, Divorced, Machine-op-inspct, Not-in-family, White, Female, United-States, <=50K
-0.040284322004703936,-0.054758567819339146,0.9930981009121498,-0.152800855741616,-0.19734023185886682,0.21554587763080757, Private, Some-college, Divorced, Machine-op-inspct, Not-in-family, White, Male, United-States, <=50K
-1.0346441689562624,1.177309208115796,-1.9958902179937232,-0.152800855741616,-0.19734023185886682,0.13064788941906985, Private, Bachelors, Never-married, Prof-specialty, Own-child, Black, Male, United-States, <=50K
-0.040284322004703936,-0.4654478264643842,-2.3998075583864087,-0.152800855741616,-0.19734023185886682,-0.20635281541862244, Self-emp-not-inc, HS-grad, Divorced, Handlers-cleaners, Own-child, White, Male, United-States, <=50K
1.1835431819356756,-0.054758567819339146,0.023696483969704477,-0.152800855741616,-0.19734023185886682,-1.1914028888008048, Private, Some-college, Married-civ-spouse, Tech-support, Husband, White, Male, United-States, <=50K
-0.8051765119674412,-0.4654478264643842,-0.7841381968156667,-0.152800855741616,-0.19734023185886682,-0.9507036414675032, Private, HS-grad, Never-married, Sales, Not-in-family, White, Male, United-States, <=50K
0.6481186489617596,1.9986877254058864,1.6393658455404467,15.589536850454236,-0.19734023185886682,1.7877509913399041, Private, Prof-school, Married-civ-spouse, Prof-specialty, Husband, White, Male, United-States, >50K
-0.8816657309637149,-0.054758567819339146,-0.3802208564229811,-0.152800855741616,-0.19734023185886682,1.202128941247475, Private, Some-college, Married-civ-spouse, Exec-managerial, Wife, White, Female, United-States, <=50K
-0.42273041698607255,-1.2868263437544745,0.023696483969704477,-0.152800855741616,-0.19734023185886682,1.8442639345647258, Private, 11th, Never-married, Craft-repair, Other-relative, White, Male, United-States, <=50K
0.03620489699156979,-0.4654478264643842,0.023696483969704477,-0.152800855741616,-0.19734023185886682,-0.8094905152224902, Local-gov, HS-grad, Married-civ-spouse, Transport-moving, Husband, White, Male, United-States, <=50K
0.801097086954307,-0.054758567819339146,2.4472005263258176,-0.152800855741616,-0.19734023185886682,-1.2924318903831558, Self-emp-not-inc, Some-college, Married-civ-spouse, Sales, Husband, White, Male, United-States, >50K
0.4951402109692122,-0.4654478264643842,0.42761382436239004,-0.152800855741616,5.306138938475167,-0.0969566542338565, Self-emp-not-inc, HS-grad, Married-civ-spouse, Exec-managerial, Husband, White, Male, United-States, >50K
-0.040284322004703936,-0.4654478264643842,0.023696483969704477,-0.152800855741616,-0.19734023185886682,-1.1781301604480376, Private, HS-grad, Never-married, Other-service, Own-child, Asian-Pac-Islander, Female, Philippines, <=50K
0.4951402109692122,-0.054758567819339146,0.023696483969704477,-0.152800855741616,-0.19734023185886682,-0.41691644181982185, Private, Some-college, Married-civ-spouse, Exec-managerial, Husband, White, Male, United-States, <=50K
-0.4992196359823463,-0.4654478264643842,-0.3802208564229811,-0.152800855741616,-0.19734023185886682,-0.13660670487934304, Private, HS-grad, Never-married, Other-service, Not-in-family, Other, Female, United-States, <=50K
1.7954569339058655,1.9986877254058864,-0.3802208564229811,-0.152800855741616,-0.19734023185886682,-0.25898877688913363, Self-emp-not-inc, Prof-school, Married-civ-spouse, Prof-specialty, Husband, White, Male, United-States, >50K
